,imed_reg_code,n_significativo,1,2,3,4,cluster,concentracao,distancia
0,110001,0.5294117647058824,0.47058823529411764,0.0,0.0,0.0,1,0.6141356769947383,135.81343957024444
1,110002,0.6470588235294118,0.29411764705882354,0.0,0.058823529411764705,0.0,1,0.6211385906453787,21.496429323666806
2,110003,0.5882352941176471,0.35294117647058826,0.0,0.058823529411764705,0.0,1,0.5852867277097764,71.27101702539059
3,110004,0.5294117647058824,0.4117647058823529,0.0,0.058823529411764705,0.0,1,0.5626801902855585,149.234904334165
4,110005,0.5882352941176471,0.35294117647058826,0.0,0.058823529411764705,0.0,1,0.5852867277097764,56.01784825106151
5,110006,0.8235294117647058,0.17647058823529413,0.0,0.0,0.0,1,0.7979211744853256,73.78105200354534
6,120001,0.7647058823529411,0.23529411764705882,0.0,0.0,0.0,1,0.7417364831128523,12.137039593859045
7,120002,1.0,0.0,0.0,0.0,0.0,1,1.0,169.04799242108615
8,120003,0.7647058823529411,0.23529411764705882,0.0,0.0,0.0,1,0.7417364831128523,206.68063411888488
9,120004,0.8235294117647058,0.11764705882352941,0.058823529411764705,0.0,0.0,1,0.7870051858976265,73.91001509529269
10,120005,0.9411764705882353,0.058823529411764705,0.0,0.0,0.0,1,0.9282196375329118,206.64790174556546
11,130001,0.7647058823529411,0.23529411764705882,0.0,0.0,0.0,1,0.7417364831128523,50.84163175768522
12,130002,0.7647058823529411,0.23529411764705882,0.0,0.0,0.0,1,0.7417364831128523,634.9385733513027
13,130003,0.6470588235294118,0.17647058823529413,0.17647058823529413,0.0,0.0,1,0.5926306376355848,392.4990050674683
14,130004,0.6470588235294118,0.29411764705882354,0.0,0.0,0.058823529411764705,1,0.6211385906453787,194.8512507560593
15,130005,0.7647058823529411,0.23529411764705882,0.0,0.0,0.0,1,0.7417364831128523,684.4062789756439
16,130006,0.7647058823529411,0.17647058823529413,0.058823529411764705,0.0,0.0,1,0.7240313897112453,365.14566367467637
17,130007,0.7647058823529411,0.23529411764705882,0.0,0.0,0.0,1,0.7417364831128523,310.873648754682
18,130008,0.6470588235294118,0.29411764705882354,0.058823529411764705,0.0,0.0,1,0.6211385906453787,264.94102434419204
19,130009,0.5294117647058824,0.23529411764705882,0.23529411764705882,0.0,0.0,1,0.48862493311282795,388.8877740585569
20,130010,1.0,0.0,0.0,0.0,0.0,1,1.0,262.33022133339284
21,130011,0.8235294117647058,0.17647058823529413,0.0,0.0,0.0,1,0.7979211744853256,202.91022691513993
22,140001,0.8823529411764706,0.0,0.0,0.058823529411764705,0.058823529411764705,3,0.8554729160146463,120.36225563955406
23,140002,0.9411764705882353,0.0,0.058823529411764705,0.0,0.0,2,0.9282196375329118,158.78190793903644
24,140003,0.5882352941176471,0.23529411764705882,0.11764705882352941,0.058823529411764705,0.0,1,0.5228349657244464,277.40453650093883
25,140004,0.7647058823529411,0.058823529411764705,0.17647058823529413,0.0,0.0,2,0.7240313897112453,206.0158304341496
26,150001,0.7647058823529411,0.0,0.0,0.23529411764705882,0.0,3,0.7417364831128523,51.92197360964488
27,150002,0.11764705882352941,0.0,0.0,0.8823529411764706,0.0,3,0.8605140493133996,109.05954594775329
28,150003,0.29411764705882354,0.0,0.0,0.7058823529411765,0.0,3,0.6935191836795055,134.89232383574418
29,150004,0.11764705882352941,0.0,0.0,0.8823529411764706,0.0,3,0.8605140493133996,93.3312392220706
30,150005,0.0,0.0,0.0,1.0,0.0,3,1.0,201.99244785874504
31,150006,0.0,0.0,0.0,1.0,0.0,3,1.0,148.86061516147885
32,150007,0.0,0.0,0.0,1.0,0.0,3,1.0,224.44447165503777
33,150008,0.0,0.0,0.0,1.0,0.0,3,1.0,176.83059283956572
34,150009,0.29411764705882354,0.0,0.0,0.7058823529411765,0.0,3,0.6935191836795055,17.64334601113261
35,150010,0.5294117647058824,0.0,0.0,0.47058823529411764,0.0,3,0.6141356769947383,137.22745998802682
36,150011,0.0,0.0,0.0,1.0,0.0,3,1.0,45.619739028465574
37,150012,0.8823529411764706,0.0,0.0,0.11764705882352941,0.0,3,0.8605140493133996,73.32053832333226
38,150013,0.5294117647058824,0.0,0.0,0.47058823529411764,0.0,3,0.6141356769947383,244.58743770494863
39,150014,0.9411764705882353,0.0,0.0,0.058823529411764705,0.0,3,0.9282196375329118,120.08265415318571
40,150015,0.5882352941176471,0.0,0.058823529411764705,0.35294117647058826,0.0,3,0.5852867277097764,79.59546514249283
41,150016,0.8823529411764706,0.0,0.0,0.11764705882352941,0.0,3,0.8605140493133996,472.54594538292986
42,150017,0.6470588235294118,0.0,0.058823529411764705,0.29411764705882354,0.0,3,0.6211385906453787,349.113708297711
43,150018,0.23529411764705882,0.0,0.058823529411764705,0.5294117647058824,0.17647058823529413,3,0.4613055041575918,319.0020171510265
44,150019,0.8235294117647058,0.0,0.0,0.17647058823529413,0.0,3,0.7979211744853256,273.68450131038844
45,150020,0.7058823529411765,0.0,0.058823529411764705,0.23529411764705882,0.0,3,0.6681068642117968,35.89992904429671
46,150021,0.9411764705882353,0.0,0.0,0.058823529411764705,0.0,3,0.9282196375329118,78.61397920452718
47,160001,1.0,0.0,0.0,0.0,0.0,1,1.0,47.382786337137844
48,160002,0.8235294117647058,0.0,0.058823529411764705,0.0,0.11764705882352941,4,0.7870051858976265,260.5921757604448
49,160003,0.9411764705882353,0.0,0.058823529411764705,0.0,0.0,2,0.9282196375329118,256.61260358710416
50,160004,0.8235294117647058,0.058823529411764705,0.11764705882352941,0.0,0.0,2,0.7870051858976265,171.26048722281402
51,170001,0.9411764705882353,0.0,0.0,0.0,0.058823529411764705,4,0.9282196375329118,135.1396976118823
52,170002,0.8823529411764706,0.11764705882352941,0.0,0.0,0.0,1,0.8605140493133996,94.65062591640593
53,170003,0.8235294117647058,0.11764705882352941,0.0,0.058823529411764705,0.0,1,0.7870051858976265,91.01393928596
54,170004,0.8823529411764706,0.11764705882352941,0.0,0.0,0.0,1,0.8605140493133996,82.0089675702855
55,170005,0.7058823529411765,0.0,0.0,0.17647058823529413,0.11764705882352941,3,0.6550311015094142,27.271610175035477
56,170006,1.0,0.0,0.0,0.0,0.0,1,1.0,152.89543561816757
57,170007,1.0,0.0,0.0,0.0,0.0,1,1.0,110.4764982542523
58,170008,0.9411764705882353,0.0,0.0,0.058823529411764705,0.0,3,0.9282196375329118,86.63695735475956
59,170009,1.0,0.0,0.0,0.0,0.0,1,1.0,21.40808085900789
60,170010,0.7647058823529411,0.0,0.0,0.17647058823529413,0.058823529411764705,3,0.7240313897112453,56.82208964727947
61,170011,0.9411764705882353,0.0,0.0,0.058823529411764705,0.0,3,0.9282196375329118,208.3774311145969
62,210001,0.0,0.0,0.0,1.0,0.0,3,1.0,34.98876684718532
63,210002,0.0,0.0,0.0,1.0,0.0,3,1.0,24.17519110633049
64,210003,0.0,0.0,0.0,1.0,0.0,3,1.0,142.30099073922
65,210004,0.0,0.0,0.0,1.0,0.0,3,1.0,42.05357097238765
66,210005,0.0,0.0,0.0,1.0,0.0,3,1.0,60.779964513895244
67,210006,0.0,0.0,0.0,1.0,0.0,3,1.0,121.85416541908351
68,210007,0.058823529411764705,0.0,0.0,0.9411764705882353,0.0,3,0.9282196375329118,65.37317447717702
69,210008,0.11764705882352941,0.0,0.0,0.8823529411764706,0.0,3,0.8605140493133996,76.18224446179809
70,210009,0.0,0.0,0.0,1.0,0.0,3,1.0,67.32869120827596
71,210010,0.0,0.0,0.0,1.0,0.0,3,1.0,39.1329605175173
72,210011,0.0,0.0,0.0,1.0,0.0,3,1.0,123.04333169750696
73,210012,0.0,0.0,0.0,1.0,0.0,3,1.0,53.670797730711215
74,210013,0.0,0.0,0.0,1.0,0.0,3,1.0,16.219349904715386
75,210014,0.29411764705882354,0.0,0.0,0.7058823529411765,0.0,3,0.6935191836795055,72.08461342890442
76,210015,0.0,0.0,0.0,1.0,0.0,3,1.0,85.9056529677102
77,210016,0.0,0.0,0.0,1.0,0.0,3,1.0,19.75640051272635
78,210017,0.5294117647058824,0.0,0.0,0.47058823529411764,0.0,3,0.6141356769947383,85.04903363864372
79,210018,0.058823529411764705,0.0,0.0,0.9411764705882353,0.0,3,0.9282196375329118,122.66019449299795
80,210019,0.29411764705882354,0.0,0.0,0.7058823529411765,0.0,3,0.6935191836795055,46.60365975079913
81,210020,0.0,0.0,0.0,1.0,0.0,3,1.0,146.76709128262985
82,210021,0.17647058823529413,0.0,0.0,0.8235294117647058,0.0,3,0.7979211744853256,113.69621491188587
83,210022,0.5882352941176471,0.0,0.0,0.4117647058823529,0.0,3,0.6280634265900771,238.6025989041951
84,220001,0.11764705882352941,0.0,0.0,0.6470588235294118,0.23529411764705882,3,0.5998846486579748,32.37872878985137
85,220002,0.5882352941176471,0.0,0.0,0.4117647058823529,0.0,3,0.6280634265900771,94.67724343738506
86,220003,0.7058823529411765,0.0,0.0,0.29411764705882354,0.0,3,0.6935191836795055,142.50693728972598
87,220004,0.5882352941176471,0.0,0.0,0.4117647058823529,0.0,3,0.6280634265900771,79.64765926259506
88,220005,0.47058823529411764,0.0,0.0,0.5294117647058824,0.0,3,0.6141356769947383,111.2226812802636
89,220006,0.23529411764705882,0.0,0.0,0.7647058823529411,0.0,3,0.7417364831128523,41.78126411612462
90,220007,0.35294117647058826,0.0,0.0,0.6470588235294118,0.0,3,0.6550311015094143,147.7608179705926
91,220008,0.23529411764705882,0.0,0.0,0.7647058823529411,0.0,3,0.7417364831128523,108.10579193235986
92,220009,0.7058823529411765,0.0,0.0,0.29411764705882354,0.0,3,0.6935191836795055,32.681827929023896
93,220010,0.7058823529411765,0.0,0.0,0.23529411764705882,0.058823529411764705,3,0.6681068642117968,114.09317686060487
94,220011,1.0,0.0,0.0,0.0,0.0,1,1.0,78.26657873828725
95,220012,1.0,0.0,0.0,0.0,0.0,1,1.0,102.7402368957386
96,220013,0.4117647058823529,0.0,0.0,0.5882352941176471,0.0,3,0.6280634265900771,8.782429243026543
97,220014,0.6470588235294118,0.0,0.0,0.35294117647058826,0.0,3,0.6550311015094143,95.5539607804725
98,220015,0.8235294117647058,0.0,0.0,0.17647058823529413,0.0,3,0.7979211744853256,64.85584210360871
99,220016,0.6470588235294118,0.0,0.0,0.35294117647058826,0.0,3,0.6550311015094143,185.14593099395046
100,220017,0.5882352941176471,0.0,0.0,0.17647058823529413,0.23529411764705882,4,0.5391265523477459,49.626079041556814
101,220018,0.5294117647058824,0.0,0.0,0.29411764705882354,0.17647058823529413,3,0.49739807427316945,233.970897080911
102,220019,0.7647058823529411,0.0,0.0,0.23529411764705882,0.0,3,0.7417364831128523,104.63639588583507
103,230001,0.47058823529411764,0.0,0.0,0.5294117647058824,0.0,3,0.6141356769947383,30.976503638754288
104,230002,0.5294117647058824,0.0,0.0,0.47058823529411764,0.0,3,0.6141356769947383,87.17575674102791
105,230003,0.8823529411764706,0.0,0.0,0.11764705882352941,0.0,3,0.8605140493133996,62.699141017872755
106,230004,0.47058823529411764,0.0,0.0,0.5294117647058824,0.0,3,0.6141356769947383,40.593711174256576
107,230005,0.5294117647058824,0.0,0.0,0.47058823529411764,0.0,3,0.6141356769947383,55.934190011887004
108,230006,0.5882352941176471,0.0,0.0,0.4117647058823529,0.0,3,0.6280634265900771,39.795355049113326
109,230007,0.6470588235294118,0.0,0.0,0.23529411764705882,0.11764705882352941,3,0.5998846486579748,65.69819709022349
110,230008,1.0,0.0,0.0,0.0,0.0,1,1.0,39.193671561902434
111,230009,0.5294117647058824,0.0,0.0,0.47058823529411764,0.0,3,0.6141356769947383,31.30076369094162
112,230010,0.9411764705882353,0.0,0.0,0.058823529411764705,0.0,3,0.9282196375329118,55.45788606667586
113,230011,0.9411764705882353,0.0,0.0,0.058823529411764705,0.0,3,0.9282196375329118,49.9427256729225
114,230012,1.0,0.0,0.0,0.0,0.0,1,1.0,15.804561404650764
115,230013,0.47058823529411764,0.0,0.0,0.5294117647058824,0.0,3,0.6141356769947383,167.4520760992011
116,230014,0.29411764705882354,0.0,0.0,0.5882352941176471,0.11764705882352941,3,0.5549400665915649,120.86209472585512
117,230015,0.23529411764705882,0.0,0.0,0.7058823529411765,0.058823529411764705,3,0.6681068642117968,28.40018675514844
118,230016,0.35294117647058826,0.0,0.0,0.6470588235294118,0.0,3,0.6550311015094143,81.05317447117515
119,230017,0.29411764705882354,0.0,0.0,0.7058823529411765,0.0,3,0.6935191836795055,75.35985900331146
120,230018,0.4117647058823529,0.0,0.0,0.5882352941176471,0.0,3,0.6280634265900771,29.16815299299941
121,240001,0.4117647058823529,0.0,0.0,0.5882352941176471,0.0,3,0.6280634265900771,33.72753213811507
122,240002,0.8235294117647058,0.0,0.0,0.17647058823529413,0.0,3,0.7979211744853256,61.505509591813095
123,240003,0.8235294117647058,0.0,0.0,0.17647058823529413,0.0,3,0.7979211744853256,64.08177375442293
124,240004,0.6470588235294118,0.0,0.0,0.35294117647058826,0.0,3,0.6550311015094143,55.4926070854132
125,240005,0.5294117647058824,0.0,0.0,0.47058823529411764,0.0,3,0.6141356769947383,107.34942389823252
126,240006,0.5294117647058824,0.0,0.0,0.47058823529411764,0.0,3,0.6141356769947383,76.20677143216217
127,240007,0.7647058823529411,0.058823529411764705,0.0,0.17647058823529413,0.0,3,0.7240313897112453,9.81218530104337
128,240008,0.23529411764705882,0.17647058823529413,0.0,0.5882352941176471,0.0,3,0.5391265523477459,6.767290712019112
129,240009,0.4117647058823529,0.17647058823529413,0.0,0.4117647058823529,0.0,3,0.46130550415759175,34.00834187409601
130,240010,0.5294117647058824,0.0,0.0,0.47058823529411764,0.0,3,0.6141356769947383,17.335793706395073
131,240011,0.17647058823529413,0.17647058823529413,0.058823529411764705,0.5882352941176471,0.0,3,0.5144957554275265,79.26874537056281
132,250001,0.7647058823529411,0.0,0.0,0.17647058823529413,0.058823529411764705,3,0.7240313897112453,24.240175574193483
133,250002,0.5882352941176471,0.0,0.0,0.4117647058823529,0.0,3,0.6280634265900771,17.13192786514608
134,250003,1.0,0.0,0.0,0.0,0.0,1,1.0,42.26454509038229
135,250004,0.6470588235294118,0.0,0.0,0.35294117647058826,0.0,3,0.6550311015094143,51.11441178161394
136,250005,0.7058823529411765,0.0,0.0,0.29411764705882354,0.0,3,0.6935191836795055,31.982968960860468
137,250006,0.35294117647058826,0.058823529411764705,0.0,0.29411764705882354,0.29411764705882354,3,0.3553837051057227,52.328313549301214
138,250007,0.8823529411764706,0.0,0.0,0.11764705882352941,0.0,3,0.8605140493133996,78.90586963792602
139,250008,1.0,0.0,0.0,0.0,0.0,1,1.0,79.48363736559659
140,250009,0.9411764705882353,0.058823529411764705,0.0,0.0,0.0,1,0.9282196375329118,10.821416012925276
141,250010,1.0,0.0,0.0,0.0,0.0,1,1.0,65.7905277568027
142,250011,0.6470588235294118,0.35294117647058826,0.0,0.0,0.0,1,0.6550311015094143,55.08967161446262
143,250012,0.7647058823529411,0.17647058823529413,0.058823529411764705,0.0,0.0,1,0.7240313897112453,51.47901244702106
144,250013,1.0,0.0,0.0,0.0,0.0,1,1.0,41.0899233473554
145,250014,1.0,0.0,0.0,0.0,0.0,1,1.0,6.337957629500254
146,250015,0.9411764705882353,0.0,0.0,0.0,0.058823529411764705,4,0.9282196375329118,7.155392008202245
147,260001,0.0,0.0,0.0,0.9411764705882353,0.058823529411764705,3,0.9282196375329118,4.9203992779457355
148,260002,0.5294117647058824,0.0,0.0,0.47058823529411764,0.0,3,0.6141356769947383,60.08688487590325
149,260003,0.0,0.0,0.0,1.0,0.0,3,1.0,4.533328626089752
150,260004,0.058823529411764705,0.0,0.0,0.9411764705882353,0.0,3,0.9282196375329118,62.32637894167826
151,260005,0.058823529411764705,0.0,0.0,0.9411764705882353,0.0,3,0.9282196375329118,33.7710638118967
152,260006,0.23529411764705882,0.0,0.0,0.7647058823529411,0.0,3,0.7417364831128523,44.85398357034504
153,260007,0.0,0.0,0.0,1.0,0.0,3,1.0,41.146215505638864
154,260008,0.47058823529411764,0.0,0.0,0.5294117647058824,0.0,3,0.6141356769947383,48.156528195387274
155,260009,0.0,0.0,0.0,1.0,0.0,3,1.0,7.544934977658799
156,260010,0.0,0.0,0.0,1.0,0.0,3,1.0,14.02547452155793
157,260011,0.7058823529411765,0.0,0.0,0.29411764705882354,0.0,3,0.6935191836795055,92.40572083534883
158,260012,0.8235294117647058,0.0,0.0,0.17647058823529413,0.0,3,0.7979211744853256,56.04969915897657
159,260013,0.9411764705882353,0.0,0.0,0.058823529411764705,0.0,3,0.9282196375329118,100.71113645106857
160,260014,1.0,0.0,0.0,0.0,0.0,1,1.0,24.716906904464555
161,260015,0.9411764705882353,0.0,0.0,0.058823529411764705,0.0,3,0.9282196375329118,71.69479509544048
162,260016,0.9411764705882353,0.0,0.0,0.058823529411764705,0.0,3,0.9282196375329118,109.62408245928243
163,260017,0.8235294117647058,0.0,0.0,0.058823529411764705,0.11764705882352941,4,0.7870051858976265,88.88441327944113
164,260018,0.0,0.0,0.0,1.0,0.0,3,1.0,38.21771002640596
165,270001,0.11764705882352941,0.0,0.0,0.7647058823529411,0.11764705882352941,3,0.718032683278453,23.474739195701407
166,270002,0.35294117647058826,0.0,0.0,0.6470588235294118,0.0,3,0.6550311015094143,43.81044717468692
167,270003,0.5882352941176471,0.0,0.0,0.4117647058823529,0.0,3,0.6280634265900771,51.69770437436249
168,270004,0.7647058823529411,0.0,0.0,0.23529411764705882,0.0,3,0.7417364831128523,48.80521383727005
169,270005,0.17647058823529413,0.0,0.0,0.8235294117647058,0.0,3,0.7979211744853256,60.193443611561285
170,270006,0.6470588235294118,0.0,0.0,0.35294117647058826,0.0,3,0.6550311015094143,55.790463481325084
171,270007,0.0,0.0,0.0,1.0,0.0,3,1.0,6.509971586960628
172,270008,1.0,0.0,0.0,0.0,0.0,1,1.0,35.21908709748156
173,270009,0.17647058823529413,0.0,0.0,0.8235294117647058,0.0,3,0.7979211744853256,67.22839982246629
174,270010,0.35294117647058826,0.0,0.0,0.6470588235294118,0.0,3,0.6550311015094143,16.31060495834506
175,270011,0.47058823529411764,0.0,0.0,0.5294117647058824,0.0,3,0.6141356769947383,32.95775017267462
176,280001,0.6470588235294118,0.0,0.0,0.23529411764705882,0.11764705882352941,3,0.5998846486579748,21.30577189113393
177,280002,1.0,0.0,0.0,0.0,0.0,1,1.0,19.59544889798012
178,280003,0.8235294117647058,0.0,0.0,0.17647058823529413,0.0,3,0.7979211744853256,67.67115444496734
179,280004,0.7058823529411765,0.0,0.0,0.29411764705882354,0.0,3,0.6935191836795055,51.11441178161394
180,280005,0.7647058823529411,0.0,0.0,0.23529411764705882,0.0,3,0.7417364831128523,53.11410737609509
181,280006,0.47058823529411764,0.0,0.0,0.5294117647058824,0.0,3,0.6141356769947383,73.38522629784295
182,290001,1.0,0.0,0.0,0.0,0.0,1,1.0,45.99700989258645
183,290002,1.0,0.0,0.0,0.0,0.0,1,1.0,52.14342141444767
184,290003,0.9411764705882353,0.0,0.0,0.058823529411764705,0.0,3,0.9282196375329118,40.03882357940615
185,290004,0.9411764705882353,0.0,0.0,0.058823529411764705,0.0,3,0.9282196375329118,28.82431457027895
186,290005,1.0,0.0,0.0,0.0,0.0,1,1.0,32.32403080194793
187,290006,1.0,0.0,0.0,0.0,0.0,1,1.0,38.245050469047655
188,290007,0.8823529411764706,0.0,0.0,0.11764705882352941,0.0,3,0.8605140493133996,25.89637519188873
189,290008,1.0,0.0,0.0,0.0,0.0,1,1.0,18.05439712781943
190,290009,0.9411764705882353,0.0,0.0,0.058823529411764705,0.0,3,0.9282196375329118,11.090801727831447
191,290010,1.0,0.0,0.0,0.0,0.0,1,1.0,71.1803653035934
192,290011,1.0,0.0,0.0,0.0,0.0,1,1.0,29.514223653987035
193,290012,0.9411764705882353,0.0,0.0,0.058823529411764705,0.0,3,0.9282196375329118,28.14349278488188
194,290013,0.9411764705882353,0.0,0.0,0.058823529411764705,0.0,3,0.9282196375329118,57.9636484010321
195,290014,0.9411764705882353,0.0,0.058823529411764705,0.0,0.0,2,0.9282196375329118,45.42353345842877
196,290015,1.0,0.0,0.0,0.0,0.0,1,1.0,107.58940982229085
197,290016,0.9411764705882353,0.0,0.0,0.058823529411764705,0.0,3,0.9282196375329118,19.55971072553623
198,290017,0.8235294117647058,0.0,0.0,0.17647058823529413,0.0,3,0.7979211744853256,104.93572186168936
199,290018,0.5882352941176471,0.0,0.0,0.4117647058823529,0.0,3,0.6280634265900771,28.199318521684827
200,290019,0.7647058823529411,0.0,0.0,0.23529411764705882,0.0,3,0.7417364831128523,194.47568827405084
201,290020,0.8235294117647058,0.058823529411764705,0.0,0.11764705882352941,0.0,3,0.7870051858976265,15.382911066915208
202,290021,0.6470588235294118,0.0,0.0,0.35294117647058826,0.0,3,0.6550311015094143,136.0158194009029
203,290022,0.35294117647058826,0.0,0.0,0.6470588235294118,0.0,3,0.6550311015094143,116.16638678395945
204,290023,0.9411764705882353,0.0,0.0,0.058823529411764705,0.0,3,0.9282196375329118,105.0093185317112
205,290024,0.4117647058823529,0.0,0.0,0.5882352941176471,0.0,3,0.6280634265900771,171.53427834288416
206,290025,0.7647058823529411,0.0,0.0,0.23529411764705882,0.0,3,0.7417364831128523,123.7333992141735
207,290026,0.7058823529411765,0.0,0.0,0.29411764705882354,0.0,3,0.6935191836795055,181.30941374570637
208,290027,0.47058823529411764,0.0,0.0,0.5294117647058824,0.0,3,0.6141356769947383,87.9613255525334
209,290028,0.4117647058823529,0.0,0.0,0.5882352941176471,0.0,3,0.6280634265900771,125.01817995878164
210,290029,0.9411764705882353,0.0,0.0,0.058823529411764705,0.0,3,0.9282196375329118,72.80302855391511
211,290030,0.7647058823529411,0.11764705882352941,0.0,0.11764705882352941,0.0,1,0.718032683278453,128.9772155200972
212,290031,0.7647058823529411,0.11764705882352941,0.058823529411764705,0.058823529411764705,0.0,1,0.7119834374653061,42.69257502216251
213,290032,0.9411764705882353,0.0,0.0,0.058823529411764705,0.0,3,0.9282196375329118,130.35368935158596
214,290033,0.7647058823529411,0.0,0.0,0.11764705882352941,0.11764705882352941,3,0.718032683278453,94.21404011686752
215,290034,0.8235294117647058,0.0,0.0,0.058823529411764705,0.11764705882352941,4,0.7870051858976265,24.525197936331967
216,310001,0.4117647058823529,0.29411764705882354,0.17647058823529413,0.11764705882352941,0.0,1,0.3553837051057227,11.713505214456987
217,310002,0.8235294117647058,0.0,0.0,0.17647058823529413,0.0,3,0.7979211744853256,48.41680179257881
218,310003,0.5294117647058824,0.29411764705882354,0.0,0.17647058823529413,0.0,1,0.49739807427316945,36.1704430346249
219,310004,0.7058823529411765,0.0,0.11764705882352941,0.17647058823529413,0.0,3,0.6550311015094142,35.566751899688356
220,310005,0.5294117647058824,0.29411764705882354,0.0,0.17647058823529413,0.0,1,0.49739807427316945,24.419227942127428
221,310006,0.17647058823529413,0.0,0.0,0.8235294117647058,0.0,3,0.7979211744853256,9.139439034639972
222,310007,0.6470588235294118,0.0,0.0,0.35294117647058826,0.0,3,0.6550311015094143,133.49378635537053
223,310008,0.5294117647058824,0.0,0.0,0.47058823529411764,0.0,3,0.6141356769947383,111.86404234119232
224,310009,0.5882352941176471,0.0,0.0,0.4117647058823529,0.0,3,0.6280634265900771,125.46552946466619
225,310010,0.7058823529411765,0.058823529411764705,0.0,0.23529411764705882,0.0,3,0.6681068642117968,14.605175547848393
226,310011,0.6470588235294118,0.0,0.0,0.35294117647058826,0.0,3,0.6550311015094143,85.48367806132113
227,310012,0.8235294117647058,0.0,0.0,0.11764705882352941,0.058823529411764705,3,0.7870051858976265,96.94969822396943
228,310013,0.8235294117647058,0.0,0.0,0.17647058823529413,0.0,3,0.7979211744853256,26.079862976569423
229,310014,0.8235294117647058,0.0,0.0,0.17647058823529413,0.0,3,0.7979211744853256,104.94996494964876
230,310015,0.8235294117647058,0.0,0.0,0.17647058823529413,0.0,3,0.7979211744853256,91.7614733649052
231,310016,0.8235294117647058,0.0,0.0,0.17647058823529413,0.0,3,0.7979211744853256,22.405453217516573
232,310017,0.7647058823529411,0.0,0.0,0.23529411764705882,0.0,3,0.7417364831128523,71.02876698889942
233,310018,0.7647058823529411,0.0,0.0,0.23529411764705882,0.0,3,0.7417364831128523,64.66158042757671
234,310019,0.8235294117647058,0.0,0.0,0.17647058823529413,0.0,3,0.7979211744853256,93.03156848201864
235,310020,0.5882352941176471,0.23529411764705882,0.0,0.17647058823529413,0.0,1,0.5391265523477459,9.049871516535038
236,310021,0.7647058823529411,0.0,0.058823529411764705,0.17647058823529413,0.0,3,0.7240313897112453,25.130678647664514
237,310022,0.8235294117647058,0.0,0.0,0.17647058823529413,0.0,3,0.7979211744853256,81.03459201658715
238,310023,0.8235294117647058,0.0,0.0,0.17647058823529413,0.0,3,0.7979211744853256,61.261057468353435
239,310024,0.5882352941176471,0.23529411764705882,0.0,0.17647058823529413,0.0,1,0.5391265523477459,10.213725302227171
240,310025,0.7647058823529411,0.058823529411764705,0.0,0.17647058823529413,0.0,3,0.7240313897112453,8.35848063718839
241,310026,0.5294117647058824,0.35294117647058826,0.0,0.11764705882352941,0.0,1,0.5228349657244464,12.824593898413385
242,310027,0.7058823529411765,0.058823529411764705,0.11764705882352941,0.11764705882352941,0.0,2,0.6416889479197477,43.445630088651065
243,310028,0.47058823529411764,0.35294117647058826,0.0,0.17647058823529413,0.0,1,0.47058823529411764,29.46477679172717
244,310029,0.5294117647058824,0.29411764705882354,0.0,0.17647058823529413,0.0,1,0.49739807427316945,10.47385684628467
245,310030,0.5882352941176471,0.23529411764705882,0.058823529411764705,0.11764705882352941,0.0,1,0.5228349657244464,14.814443032083783
246,310031,0.6470588235294118,0.23529411764705882,0.0,0.11764705882352941,0.0,1,0.5998846486579748,14.303935561761355
247,310032,0.47058823529411764,0.4117647058823529,0.0,0.11764705882352941,0.0,1,0.5060191333554486,9.550690906874905
248,310033,0.6470588235294118,0.17647058823529413,0.058823529411764705,0.11764705882352941,0.0,1,0.5778494913055441,36.860046826934415
249,310034,0.7647058823529411,0.058823529411764705,0.0,0.17647058823529413,0.0,3,0.7240313897112453,9.6352200089778
250,310035,0.7058823529411765,0.17647058823529413,0.0,0.11764705882352941,0.0,1,0.6550311015094142,35.84408426293447
251,310036,0.7058823529411765,0.17647058823529413,0.058823529411764705,0.058823529411764705,0.0,1,0.6483943436779,26.274496244792395
252,310037,0.8823529411764706,0.0,0.0,0.11764705882352941,0.0,3,0.8605140493133996,5.713464267446864
253,310038,0.5882352941176471,0.23529411764705882,0.0,0.17647058823529413,0.0,1,0.5391265523477459,4.493754213310585
254,310039,0.7647058823529411,0.058823529411764705,0.0,0.17647058823529413,0.0,3,0.7240313897112453,7.696460609522794
255,310040,0.8235294117647058,0.058823529411764705,0.0,0.11764705882352941,0.0,3,0.7870051858976265,21.23820559548322
256,310041,0.5294117647058824,0.17647058823529413,0.0,0.29411764705882354,0.0,3,0.49739807427316945,8.053262609060923
257,310042,0.7058823529411765,0.058823529411764705,0.0,0.23529411764705882,0.0,3,0.6681068642117968,1.1144945091981966
258,310043,0.7058823529411765,0.058823529411764705,0.0,0.23529411764705882,0.0,3,0.6681068642117968,9.43018591958194
259,310044,0.8823529411764706,0.0,0.0,0.11764705882352941,0.0,3,0.8605140493133996,46.42554863186156
260,310045,0.7647058823529411,0.058823529411764705,0.0,0.17647058823529413,0.0,3,0.7240313897112453,5.9287574975463215
261,310046,0.6470588235294118,0.0,0.0,0.35294117647058826,0.0,3,0.6550311015094143,43.232517435492326
262,310047,0.8235294117647058,0.058823529411764705,0.0,0.11764705882352941,0.0,3,0.7870051858976265,48.497396054125545
263,310048,0.7058823529411765,0.11764705882352941,0.0,0.17647058823529413,0.0,3,0.6550311015094142,10.419290447063966
264,310049,0.8235294117647058,0.058823529411764705,0.0,0.11764705882352941,0.0,3,0.7870051858976265,53.065085986837424
265,310050,0.8235294117647058,0.058823529411764705,0.0,0.11764705882352941,0.0,3,0.7870051858976265,18.941221706746347
266,310051,0.8823529411764706,0.0,0.058823529411764705,0.058823529411764705,0.0,2,0.8554729160146463,20.279183828913236
267,310052,0.7647058823529411,0.058823529411764705,0.17647058823529413,0.0,0.0,2,0.7240313897112453,11.287415440031538
268,310053,0.7647058823529411,0.11764705882352941,0.0,0.11764705882352941,0.0,1,0.718032683278453,6.198691001032968
269,310054,0.8235294117647058,0.0,0.0,0.17647058823529413,0.0,3,0.7979211744853256,43.31531659757579
270,310055,0.4117647058823529,0.17647058823529413,0.11764705882352941,0.29411764705882354,0.0,3,0.3553837051057227,7.942808259800343
271,310056,0.6470588235294118,0.23529411764705882,0.0,0.11764705882352941,0.0,1,0.5998846486579748,72.39153230418245
272,310057,0.8235294117647058,0.058823529411764705,0.0,0.11764705882352941,0.0,3,0.7870051858976265,91.43014064721352
273,310058,0.8235294117647058,0.058823529411764705,0.0,0.11764705882352941,0.0,3,0.7870051858976265,71.00047398939736
274,310059,0.4117647058823529,0.23529411764705882,0.0,0.35294117647058826,0.0,3,0.4322628957852667,61.042584616706705
275,310060,0.7647058823529411,0.11764705882352941,0.0,0.11764705882352941,0.0,1,0.718032683278453,44.442185435745756
276,310061,0.7058823529411765,0.17647058823529413,0.0,0.11764705882352941,0.0,1,0.6550311015094142,66.88235179042496
277,310062,0.7058823529411765,0.11764705882352941,0.0,0.17647058823529413,0.0,3,0.6550311015094142,77.96905812397544
278,310063,0.5882352941176471,0.0,0.0,0.4117647058823529,0.0,3,0.6280634265900771,72.70105572635757
279,310064,0.6470588235294118,0.23529411764705882,0.0,0.11764705882352941,0.0,1,0.5998846486579748,19.890518704157373
280,310065,0.7058823529411765,0.11764705882352941,0.058823529411764705,0.11764705882352941,0.0,1,0.6416889479197477,10.952162896876283
281,310066,0.5882352941176471,0.17647058823529413,0.0,0.11764705882352941,0.11764705882352941,1,0.5060191333554487,96.86249833131929
282,310067,0.8235294117647058,0.058823529411764705,0.0,0.11764705882352941,0.0,3,0.7870051858976265,91.5366526229154
283,310068,0.8235294117647058,0.0,0.058823529411764705,0.11764705882352941,0.0,3,0.7870051858976265,47.9896386832781
284,310069,0.8235294117647058,0.0,0.0,0.17647058823529413,0.0,3,0.7979211744853256,56.52767667009461
285,310070,0.7647058823529411,0.058823529411764705,0.058823529411764705,0.11764705882352941,0.0,3,0.7119834374653061,105.65539817599587
286,320001,0.5294117647058824,0.47058823529411764,0.0,0.0,0.0,1,0.6141356769947383,20.18805297394212
287,320002,0.4117647058823529,0.5882352941176471,0.0,0.0,0.0,1,0.6280634265900771,62.12086132832749
288,320003,0.5882352941176471,0.29411764705882354,0.11764705882352941,0.0,0.0,1,0.5549400665915649,111.21919369874728
289,320004,0.5882352941176471,0.4117647058823529,0.0,0.0,0.0,1,0.6280634265900771,54.13865685855314
290,320005,0.6470588235294118,0.35294117647058826,0.0,0.0,0.0,1,0.6550311015094143,27.086144599845504
291,320006,0.7647058823529411,0.23529411764705882,0.0,0.0,0.0,1,0.7417364831128523,107.02408475200838
292,320007,0.7647058823529411,0.23529411764705882,0.0,0.0,0.0,1,0.7417364831128523,5.33278144947508
293,320008,0.7058823529411765,0.29411764705882354,0.0,0.0,0.0,1,0.6935191836795055,47.386161150608
294,330001,0.8823529411764706,0.0,0.0,0.11764705882352941,0.0,3,0.8605140493133996,2.5033733955210837
295,330002,0.8823529411764706,0.058823529411764705,0.058823529411764705,0.0,0.0,1,0.8554729160146463,23.64454041662993
296,330003,0.8823529411764706,0.0,0.0,0.11764705882352941,0.0,3,0.8605140493133996,32.70123670860479
297,330004,0.8823529411764706,0.0,0.0,0.11764705882352941,0.0,3,0.8605140493133996,12.842508828009622
298,330005,0.8823529411764706,0.058823529411764705,0.058823529411764705,0.0,0.0,1,0.8554729160146463,5.069380560169715
299,330006,0.9411764705882353,0.0,0.0,0.058823529411764705,0.0,3,0.9282196375329118,32.32403080194793
300,330007,0.9411764705882353,0.0,0.0,0.058823529411764705,0.0,3,0.9282196375329118,26.287732608815336
301,330008,0.9411764705882353,0.058823529411764705,0.0,0.0,0.0,1,0.9282196375329118,33.45493550923299
302,330009,0.9411764705882353,0.0,0.0,0.0,0.058823529411764705,4,0.9282196375329118,12.181734695644893
303,330010,0.7647058823529411,0.0,0.17647058823529413,0.058823529411764705,0.0,2,0.7240313897112453,14.105250212349372
304,330011,1.0,0.0,0.0,0.0,0.0,1,1.0,7.340459505339836
305,330012,0.8235294117647058,0.058823529411764705,0.0,0.11764705882352941,0.0,3,0.7870051858976265,43.31679172359481
306,330013,0.8823529411764706,0.0,0.0,0.11764705882352941,0.0,3,0.8605140493133996,19.77041429224036
307,330014,0.8235294117647058,0.0,0.0,0.17647058823529413,0.0,3,0.7979211744853256,13.128436544049036
308,350001,0.8823529411764706,0.0,0.11764705882352941,0.0,0.0,2,0.8605140493133996,7.643047251046236
309,350002,0.9411764705882353,0.0,0.058823529411764705,0.0,0.0,2,0.9282196375329118,39.66598579076821
310,350003,1.0,0.0,0.0,0.0,0.0,1,1.0,9.248745460456623
311,350004,1.0,0.0,0.0,0.0,0.0,1,1.0,8.990922513449863
312,350005,0.9411764705882353,0.058823529411764705,0.0,0.0,0.0,1,0.9282196375329118,17.599949088159896
313,350006,1.0,0.0,0.0,0.0,0.0,1,1.0,14.537561240215993
314,350007,0.9411764705882353,0.058823529411764705,0.0,0.0,0.0,1,0.9282196375329118,74.25541925225883
315,350008,0.8823529411764706,0.0,0.11764705882352941,0.0,0.0,2,0.8605140493133996,37.06433259797181
316,350009,1.0,0.0,0.0,0.0,0.0,1,1.0,8.512546779184937
317,350010,0.8823529411764706,0.11764705882352941,0.0,0.0,0.0,1,0.8605140493133996,15.26037506279958
318,350011,0.9411764705882353,0.058823529411764705,0.0,0.0,0.0,1,0.9282196375329118,5.332283776357125
319,350012,0.9411764705882353,0.0,0.058823529411764705,0.0,0.0,2,0.9282196375329118,10.312699929074828
320,350013,1.0,0.0,0.0,0.0,0.0,1,1.0,4.437900516186473
321,350014,1.0,0.0,0.0,0.0,0.0,1,1.0,10.493973089760843
322,350015,1.0,0.0,0.0,0.0,0.0,1,1.0,23.23819601378379
323,350016,1.0,0.0,0.0,0.0,0.0,1,1.0,10.398067156797612
324,350017,1.0,0.0,0.0,0.0,0.0,1,1.0,54.888878502436896
325,350018,0.9411764705882353,0.0,0.058823529411764705,0.0,0.0,2,0.9282196375329118,28.044533758477286
326,350019,1.0,0.0,0.0,0.0,0.0,1,1.0,6.448544507573036
327,350020,1.0,0.0,0.0,0.0,0.0,1,1.0,9.654438748861274
328,350021,1.0,0.0,0.0,0.0,0.0,1,1.0,67.45526912179646
329,350022,0.9411764705882353,0.058823529411764705,0.0,0.0,0.0,1,0.9282196375329118,29.149731670211157
330,350023,1.0,0.0,0.0,0.0,0.0,1,1.0,13.814708589162624
331,350024,1.0,0.0,0.0,0.0,0.0,1,1.0,48.217036471026326
332,350025,0.9411764705882353,0.058823529411764705,0.0,0.0,0.0,1,0.9282196375329118,10.808426056128287
333,350026,1.0,0.0,0.0,0.0,0.0,1,1.0,7.320970149332019
334,350027,0.9411764705882353,0.058823529411764705,0.0,0.0,0.0,1,0.9282196375329118,13.615772544832115
335,350028,1.0,0.0,0.0,0.0,0.0,1,1.0,14.428280764888802
336,350029,0.9411764705882353,0.058823529411764705,0.0,0.0,0.0,1,0.9282196375329118,11.582146006486244
337,350030,1.0,0.0,0.0,0.0,0.0,1,1.0,37.81122557909181
338,350031,0.7058823529411765,0.0,0.0,0.29411764705882354,0.0,3,0.6935191836795055,5.1442511764744845
339,350032,0.8823529411764706,0.0,0.0,0.11764705882352941,0.0,3,0.8605140493133996,7.451979420779411
340,350033,0.7058823529411765,0.0,0.0,0.29411764705882354,0.0,3,0.6935191836795055,8.184958372144896
341,350034,0.7058823529411765,0.0,0.0,0.29411764705882354,0.0,3,0.6935191836795055,42.00055437293374
342,350035,0.8235294117647058,0.0,0.0,0.17647058823529413,0.0,3,0.7979211744853256,13.785795482558008
343,350036,1.0,0.0,0.0,0.0,0.0,1,1.0,29.94439958613812
344,350037,0.8235294117647058,0.0,0.0,0.17647058823529413,0.0,3,0.7979211744853256,16.069346430147792
345,350038,0.9411764705882353,0.0,0.058823529411764705,0.0,0.0,2,0.9282196375329118,11.609473667130535
346,350039,0.9411764705882353,0.0,0.0,0.058823529411764705,0.0,3,0.9282196375329118,6.316499382524638
347,350040,0.8823529411764706,0.0,0.0,0.058823529411764705,0.058823529411764705,3,0.8554729160146463,12.986663116023646
348,350041,1.0,0.0,0.0,0.0,0.0,1,1.0,8.198497219285441
349,350042,0.9411764705882353,0.0,0.0,0.058823529411764705,0.0,3,0.9282196375329118,4.248725184992988
350,350043,0.9411764705882353,0.0,0.0,0.058823529411764705,0.0,3,0.9282196375329118,2.7284629173196264
351,350044,0.9411764705882353,0.0,0.0,0.058823529411764705,0.0,3,0.9282196375329118,22.83378783568399
352,350045,0.8823529411764706,0.0,0.0,0.11764705882352941,0.0,3,0.8605140493133996,11.487533120649537
353,350046,0.9411764705882353,0.0,0.0,0.058823529411764705,0.0,3,0.9282196375329118,13.853105500235387
354,350047,1.0,0.0,0.0,0.0,0.0,1,1.0,6.353115472328393
355,350048,1.0,0.0,0.0,0.0,0.0,1,1.0,37.735243555892204
356,350049,0.9411764705882353,0.058823529411764705,0.0,0.0,0.0,1,0.9282196375329118,5.364205060860776
357,350050,0.8823529411764706,0.0,0.11764705882352941,0.0,0.0,2,0.8605140493133996,13.383960177518576
358,350051,0.8823529411764706,0.0,0.0,0.11764705882352941,0.0,3,0.8605140493133996,68.78740862207302
359,350052,0.8823529411764706,0.058823529411764705,0.058823529411764705,0.0,0.0,1,0.8554729160146463,15.74239433059681
360,350053,0.8823529411764706,0.0,0.058823529411764705,0.058823529411764705,0.0,2,0.8554729160146463,33.84256187532923
361,410001,0.7647058823529411,0.11764705882352941,0.11764705882352941,0.0,0.0,1,0.718032683278453,8.082907267999293
362,410002,0.7058823529411765,0.29411764705882354,0.0,0.0,0.0,1,0.6935191836795055,50.055488276756584
363,410003,0.4117647058823529,0.17647058823529413,0.4117647058823529,0.0,0.0,2,0.46130550415759175,16.374278884283946
364,410004,0.8235294117647058,0.17647058823529413,0.0,0.0,0.0,1,0.7979211744853256,10.873435823103742
365,410005,0.9411764705882353,0.058823529411764705,0.0,0.0,0.0,1,0.9282196375329118,65.72378618703782
366,410006,0.4117647058823529,0.5882352941176471,0.0,0.0,0.0,1,0.6280634265900771,16.76242242214972
367,410007,0.5294117647058824,0.47058823529411764,0.0,0.0,0.0,1,0.6141356769947383,38.08578895136395
368,410008,0.4117647058823529,0.5882352941176471,0.0,0.0,0.0,1,0.6280634265900771,25.38678743243372
369,410009,0.35294117647058826,0.6470588235294118,0.0,0.0,0.0,1,0.6550311015094143,34.90401526951636
370,410010,0.5294117647058824,0.47058823529411764,0.0,0.0,0.0,1,0.6141356769947383,39.540869228881114
371,410011,0.4117647058823529,0.5294117647058824,0.058823529411764705,0.0,0.0,1,0.5626801902855585,93.77145848829028
372,410012,0.5294117647058824,0.47058823529411764,0.0,0.0,0.0,1,0.6141356769947383,45.660136986213296
373,410013,0.7058823529411765,0.29411764705882354,0.0,0.0,0.0,1,0.6935191836795055,43.21689858739235
374,410014,0.7647058823529411,0.23529411764705882,0.0,0.0,0.0,1,0.7417364831128523,9.695079635395247
375,410015,0.47058823529411764,0.5294117647058824,0.0,0.0,0.0,1,0.6141356769947383,31.05718483664069
376,410016,0.47058823529411764,0.5294117647058824,0.0,0.0,0.0,1,0.6141356769947383,19.296156842657265
377,410017,0.5294117647058824,0.47058823529411764,0.0,0.0,0.0,1,0.6141356769947383,24.224056619266733
378,410018,0.7058823529411765,0.29411764705882354,0.0,0.0,0.0,1,0.6935191836795055,9.309401143426618
379,410019,0.9411764705882353,0.058823529411764705,0.0,0.0,0.0,1,0.9282196375329118,55.491420547543775
380,410020,0.7647058823529411,0.23529411764705882,0.0,0.0,0.0,1,0.7417364831128523,83.49800758810387
381,410021,0.9411764705882353,0.058823529411764705,0.0,0.0,0.0,1,0.9282196375329118,18.893970501152648
382,410022,0.8823529411764706,0.058823529411764705,0.058823529411764705,0.0,0.0,1,0.8554729160146463,31.80171283630106
383,410023,0.7647058823529411,0.23529411764705882,0.0,0.0,0.0,1,0.7417364831128523,23.90784089233512
384,410024,0.7058823529411765,0.29411764705882354,0.0,0.0,0.0,1,0.6935191836795055,21.925939386355505
385,410025,0.8823529411764706,0.11764705882352941,0.0,0.0,0.0,1,0.8605140493133996,21.584874645526067
386,410026,0.5882352941176471,0.4117647058823529,0.0,0.0,0.0,1,0.6280634265900771,72.27020086913737
387,410027,0.8823529411764706,0.11764705882352941,0.0,0.0,0.0,1,0.8605140493133996,38.41955208911009
388,410028,0.5882352941176471,0.4117647058823529,0.0,0.0,0.0,1,0.6280634265900771,93.36678573449274
389,410029,0.9411764705882353,0.058823529411764705,0.0,0.0,0.0,1,0.9282196375329118,7.166956253310122
390,420001,0.47058823529411764,0.5294117647058824,0.0,0.0,0.0,1,0.6141356769947383,28.148803737614585
391,420002,0.47058823529411764,0.5294117647058824,0.0,0.0,0.0,1,0.6141356769947383,14.802953792409674
392,420003,0.4117647058823529,0.5882352941176471,0.0,0.0,0.0,1,0.6280634265900771,17.897692475279047
393,420004,0.47058823529411764,0.5294117647058824,0.0,0.0,0.0,1,0.6141356769947383,25.3360802282413
394,420005,0.29411764705882354,0.7058823529411765,0.0,0.0,0.0,1,0.6935191836795055,16.83657139289766
395,420006,0.35294117647058826,0.47058823529411764,0.17647058823529413,0.0,0.0,1,0.47058823529411764,14.911345614105306
396,420007,0.35294117647058826,0.6470588235294118,0.0,0.0,0.0,1,0.6550311015094143,30.890417328619584
397,420008,0.35294117647058826,0.6470588235294118,0.0,0.0,0.0,1,0.6550311015094143,7.7520902379255405
398,420009,0.4117647058823529,0.5294117647058824,0.058823529411764705,0.0,0.0,1,0.5626801902855585,5.346105642281384
399,420010,0.29411764705882354,0.7058823529411765,0.0,0.0,0.0,1,0.6935191836795055,4.270489365932964
400,420011,0.23529411764705882,0.7647058823529411,0.0,0.0,0.0,1,0.7417364831128523,23.74867598936988
401,420012,0.5882352941176471,0.4117647058823529,0.0,0.0,0.0,1,0.6280634265900771,33.644680012587536
402,420013,0.23529411764705882,0.5294117647058824,0.23529411764705882,0.0,0.0,1,0.48862493311282795,36.34541162270377
403,420014,0.6470588235294118,0.35294117647058826,0.0,0.0,0.0,1,0.6550311015094143,38.98467341062657
404,420015,0.7058823529411765,0.29411764705882354,0.0,0.0,0.0,1,0.6935191836795055,8.195991296993519
405,420016,0.5882352941176471,0.4117647058823529,0.0,0.0,0.0,1,0.6280634265900771,9.706373607418763
406,420017,0.7647058823529411,0.17647058823529413,0.058823529411764705,0.0,0.0,1,0.7240313897112453,23.23845754203442
407,420018,0.35294117647058826,0.5882352941176471,0.058823529411764705,0.0,0.0,1,0.5852867277097764,39.371100243324044
408,420019,0.5294117647058824,0.47058823529411764,0.0,0.0,0.0,1,0.6141356769947383,19.521184440756468
409,420020,0.17647058823529413,0.8235294117647058,0.0,0.0,0.0,1,0.7979211744853256,9.650757500219767
410,420021,0.47058823529411764,0.5294117647058824,0.0,0.0,0.0,1,0.6141356769947383,20.411062184993373
411,420022,0.5882352941176471,0.4117647058823529,0.0,0.0,0.0,1,0.6280634265900771,29.452389322310186
412,420023,0.7058823529411765,0.29411764705882354,0.0,0.0,0.0,1,0.6935191836795055,32.129514437692315
413,420024,0.4117647058823529,0.5882352941176471,0.0,0.0,0.0,1,0.6280634265900771,33.92867941507568
414,430001,0.5882352941176471,0.29411764705882354,0.058823529411764705,0.058823529411764705,0.0,1,0.5470904481687727,40.00673041852283
415,430002,0.47058823529411764,0.5294117647058824,0.0,0.0,0.0,1,0.6141356769947383,9.303491478316182
416,430003,0.47058823529411764,0.5294117647058824,0.0,0.0,0.0,1,0.6141356769947383,70.22752489709374
417,430004,0.6470588235294118,0.29411764705882354,0.058823529411764705,0.0,0.0,1,0.6211385906453787,45.178823069139405
418,430005,0.8823529411764706,0.058823529411764705,0.0,0.058823529411764705,0.0,1,0.8554729160146463,9.482968629926974
419,430006,0.6470588235294118,0.23529411764705882,0.058823529411764705,0.058823529411764705,0.0,1,0.5926306376355848,56.44578745777644
420,430007,0.4117647058823529,0.5294117647058824,0.0,0.058823529411764705,0.0,1,0.5626801902855585,9.934366267792416
421,430008,0.47058823529411764,0.47058823529411764,0.058823529411764705,0.0,0.0,1,0.5549400665915649,22.669432573307148
422,430009,0.8235294117647058,0.0,0.11764705882352941,0.058823529411764705,0.0,2,0.7870051858976265,53.41123375617532
423,430010,0.9411764705882353,0.058823529411764705,0.0,0.0,0.0,1,0.9282196375329118,172.50387076699798
424,430011,0.6470588235294118,0.35294117647058826,0.0,0.0,0.0,1,0.6550311015094143,31.89016278726984
425,430012,0.6470588235294118,0.23529411764705882,0.058823529411764705,0.058823529411764705,0.0,1,0.5926306376355848,93.67780143141735
426,430013,0.6470588235294118,0.29411764705882354,0.0,0.058823529411764705,0.0,1,0.6211385906453787,13.506013854776668
427,430014,0.7058823529411765,0.29411764705882354,0.0,0.0,0.0,1,0.6935191836795055,17.836133539667486
428,430015,0.7647058823529411,0.11764705882352941,0.11764705882352941,0.0,0.0,1,0.718032683278453,82.3142420915903
429,430016,0.9411764705882353,0.058823529411764705,0.0,0.0,0.0,1,0.9282196375329118,160.9155209732985
430,430017,1.0,0.0,0.0,0.0,0.0,1,1.0,36.90892773052077
431,430018,0.5882352941176471,0.4117647058823529,0.0,0.0,0.0,1,0.6280634265900771,13.33192740100789
432,430019,0.6470588235294118,0.35294117647058826,0.0,0.0,0.0,1,0.6550311015094143,20.382228896893395
433,430020,0.35294117647058826,0.35294117647058826,0.29411764705882354,0.0,0.0,1,0.411764705882353,15.102994111331125
434,430021,0.29411764705882354,0.29411764705882354,0.4117647058823529,0.0,0.0,2,0.42213823807080364,16.652450737844227
435,430022,0.7058823529411765,0.11764705882352941,0.17647058823529413,0.0,0.0,2,0.6550311015094142,18.722484674967045
436,430023,0.6470588235294118,0.35294117647058826,0.0,0.0,0.0,1,0.6550311015094143,30.753403065489913
437,430024,0.8823529411764706,0.11764705882352941,0.0,0.0,0.0,1,0.8605140493133996,39.2339620806846
438,430025,0.35294117647058826,0.6470588235294118,0.0,0.0,0.0,1,0.6550311015094143,22.00954087490029
439,430026,0.29411764705882354,0.6470588235294118,0.058823529411764705,0.0,0.0,1,0.6211385906453787,6.213453223636693
440,430027,0.35294117647058826,0.6470588235294118,0.0,0.0,0.0,1,0.6550311015094143,18.35190694322628
441,430028,0.47058823529411764,0.5294117647058824,0.0,0.0,0.0,1,0.6141356769947383,52.90608438016772
442,430029,0.29411764705882354,0.6470588235294118,0.058823529411764705,0.0,0.0,1,0.6211385906453787,8.52549476636012
443,430030,0.29411764705882354,0.7058823529411765,0.0,0.0,0.0,1,0.6935191836795055,41.54563596398243
444,430031,0.4117647058823529,0.5294117647058824,0.058823529411764705,0.0,0.0,1,0.5626801902855585,56.146697114156645
445,430032,0.29411764705882354,0.7058823529411765,0.0,0.0,0.0,1,0.6935191836795055,17.553562549268996
446,430033,0.23529411764705882,0.7647058823529411,0.0,0.0,0.0,1,0.7417364831128523,48.40154434961839
447,430034,0.6470588235294118,0.35294117647058826,0.0,0.0,0.0,1,0.6550311015094143,47.57082865797295
448,430035,0.29411764705882354,0.5294117647058824,0.17647058823529413,0.0,0.0,1,0.49739807427316945,26.04300520131854
449,430036,0.29411764705882354,0.7058823529411765,0.0,0.0,0.0,1,0.6935191836795055,35.69546648096008
450,430037,0.4117647058823529,0.5882352941176471,0.0,0.0,0.0,1,0.6280634265900771,9.180745222724717
451,430038,0.4117647058823529,0.5882352941176471,0.0,0.0,0.0,1,0.6280634265900771,20.615691291787115
452,430039,0.4117647058823529,0.29411764705882354,0.29411764705882354,0.0,0.0,1,0.42213823807080364,24.49523377570012
453,430040,0.6470588235294118,0.29411764705882354,0.0,0.058823529411764705,0.0,1,0.6211385906453787,35.538971704089825
454,430041,0.4117647058823529,0.5294117647058824,0.0,0.058823529411764705,0.0,1,0.5626801902855585,5.7130544309988345
455,430042,0.5882352941176471,0.4117647058823529,0.0,0.0,0.0,1,0.6280634265900771,70.20084421349463
456,430043,0.4117647058823529,0.5882352941176471,0.0,0.0,0.0,1,0.6280634265900771,28.981027538909306
457,500001,0.8235294117647058,0.17647058823529413,0.0,0.0,0.0,1,0.7979211744853256,39.89326032141869
458,500002,1.0,0.0,0.0,0.0,0.0,1,1.0,81.88320354845838
459,500003,1.0,0.0,0.0,0.0,0.0,1,1.0,138.09949995751586
460,500004,0.9411764705882353,0.0,0.058823529411764705,0.0,0.0,2,0.9282196375329118,205.58989449803292
461,500005,0.8235294117647058,0.11764705882352941,0.0,0.058823529411764705,0.0,1,0.7870051858976265,14.690913676801447
462,500006,0.5294117647058824,0.47058823529411764,0.0,0.0,0.0,1,0.6141356769947383,105.6786536392878
463,500007,0.5882352941176471,0.23529411764705882,0.17647058823529413,0.0,0.0,1,0.5391265523477459,135.796681112797
464,500008,0.7647058823529411,0.17647058823529413,0.0,0.058823529411764705,0.0,1,0.7240313897112453,85.9394520766863
465,500009,0.7647058823529411,0.23529411764705882,0.0,0.0,0.0,1,0.7417364831128523,134.1221572472017
466,500010,1.0,0.0,0.0,0.0,0.0,1,1.0,103.53591842564116
467,500011,0.6470588235294118,0.23529411764705882,0.058823529411764705,0.058823529411764705,0.0,1,0.5926306376355848,236.02583035842545
468,500012,0.8235294117647058,0.17647058823529413,0.0,0.0,0.0,1,0.7979211744853256,161.2297444224182
469,510001,0.7647058823529411,0.23529411764705882,0.0,0.0,0.0,1,0.7417364831128523,36.24672795287506
470,510002,0.4117647058823529,0.23529411764705882,0.11764705882352941,0.17647058823529413,0.058823529411764705,1,0.3028126512055,127.28980774664079
471,510003,0.8235294117647058,0.17647058823529413,0.0,0.0,0.0,1,0.7979211744853256,123.66389642191898
472,510004,0.8823529411764706,0.058823529411764705,0.058823529411764705,0.0,0.0,1,0.8554729160146463,35.50899020796582
473,510005,0.8235294117647058,0.0,0.0,0.17647058823529413,0.0,3,0.7979211744853256,173.23080681925754
474,510006,0.8235294117647058,0.11764705882352941,0.0,0.058823529411764705,0.0,1,0.7870051858976265,116.36836680235511
475,510007,0.47058823529411764,0.47058823529411764,0.0,0.058823529411764705,0.0,1,0.5549400665915649,102.65827249654856
476,510008,0.5294117647058824,0.47058823529411764,0.0,0.0,0.0,1,0.6141356769947383,46.713143449307545
477,510009,0.47058823529411764,0.17647058823529413,0.29411764705882354,0.058823529411764705,0.0,2,0.42213823807080364,220.9360225837324
478,510010,0.5882352941176471,0.29411764705882354,0.0,0.11764705882352941,0.0,1,0.5549400665915649,335.4863135078908
479,510011,0.5882352941176471,0.29411764705882354,0.058823529411764705,0.058823529411764705,0.0,1,0.5470904481687727,249.3382589220919
480,510012,0.6470588235294118,0.29411764705882354,0.0,0.058823529411764705,0.0,1,0.6211385906453787,199.40526854344017
481,510013,0.8235294117647058,0.17647058823529413,0.0,0.0,0.0,1,0.7979211744853256,72.39495471350114
482,510014,0.7058823529411765,0.058823529411764705,0.0,0.23529411764705882,0.0,3,0.6681068642117968,301.26839108204484
483,510015,0.8235294117647058,0.058823529411764705,0.058823529411764705,0.058823529411764705,0.0,1,0.7814900150344953,92.97610648983955
484,510016,0.8823529411764706,0.11764705882352941,0.0,0.0,0.0,1,0.8605140493133996,82.57685082668517
485,510017,0.9411764705882353,0.058823529411764705,0.0,0.0,0.0,1,0.9282196375329118,211.4754718027297
486,510018,0.7647058823529411,0.058823529411764705,0.17647058823529413,0.0,0.0,2,0.7240313897112453,68.52031843220571
487,520001,0.9411764705882353,0.058823529411764705,0.0,0.0,0.0,1,0.9282196375329118,5.078799515467871
488,520002,0.8823529411764706,0.0,0.0,0.11764705882352941,0.0,3,0.8605140493133996,16.524325198196898
489,520003,0.8235294117647058,0.11764705882352941,0.0,0.058823529411764705,0.0,1,0.7870051858976265,77.61875559310877
490,520004,1.0,0.0,0.0,0.0,0.0,1,1.0,132.15091290809877
491,520005,0.7647058823529411,0.11764705882352941,0.0,0.11764705882352941,0.0,1,0.718032683278453,117.71952406421632
492,520006,1.0,0.0,0.0,0.0,0.0,1,1.0,106.05322216996849
493,520007,1.0,0.0,0.0,0.0,0.0,1,1.0,44.27328010672521
494,520008,1.0,0.0,0.0,0.0,0.0,1,1.0,71.95288904778273
495,520009,0.9411764705882353,0.0,0.0,0.0,0.058823529411764705,4,0.9282196375329118,65.95459301028188
496,520010,1.0,0.0,0.0,0.0,0.0,1,1.0,44.95157612649414
497,520011,0.8823529411764706,0.058823529411764705,0.058823529411764705,0.0,0.0,1,0.8554729160146463,35.34802555693571
498,520012,1.0,0.0,0.0,0.0,0.0,1,1.0,83.14858271063467
499,520013,0.8823529411764706,0.058823529411764705,0.0,0.058823529411764705,0.0,1,0.8554729160146463,149.205293414343
500,520014,0.8823529411764706,0.11764705882352941,0.0,0.0,0.0,1,0.8605140493133996,73.4646079683333
501,520015,0.9411764705882353,0.058823529411764705,0.0,0.0,0.0,1,0.9282196375329118,90.9778036531763
502,520016,0.7058823529411765,0.0,0.0,0.17647058823529413,0.11764705882352941,3,0.6550311015094142,191.58109470275437
503,520017,0.8235294117647058,0.0,0.0,0.11764705882352941,0.058823529411764705,3,0.7870051858976265,141.2421991184186
504,520018,0.8235294117647058,0.0,0.0,0.17647058823529413,0.0,3,0.7979211744853256,47.43364534930812
505,520019,0.9411764705882353,0.0,0.058823529411764705,0.0,0.0,2,0.9282196375329118,85.53478279319773
506,520020,0.8235294117647058,0.0,0.0,0.17647058823529413,0.0,3,0.7979211744853256,48.54771238520246
507,520021,0.6470588235294118,0.0,0.0,0.35294117647058826,0.0,3,0.6550311015094143,253.1700968074337
508,520022,0.6470588235294118,0.0,0.0,0.35294117647058826,0.0,3,0.6550311015094143,179.32156962320187
509,530001,0.7647058823529411,0.0,0.0,0.23529411764705882,0.0,3,0.7417364831128523,11.866178038152242
